5,"header Size, the first N rows will be ignored, except for this first cells in the first two rows",,,,,,,,,,,,,,,,,,,
21,"parameter number, the number of parameters to read per line",,,,,,,,,,,,,,,,,,,
,Parameter list for the PJMC (proportional joint moment controller),,,,,,,,,,,,,,,,,,,
,Parameter order : ,,,,,,,,,,,,,,,,,,,
Plantar Scaling [Nm],Dorsi Scaling [Nm],Timing Theshold [%GRF],Spring Stiffness [Nm / %Plantar Extension],Neutral Angle [%Plantar Extension],Damping [Nm*s/%Angle],Propulsive Gain [Nm / (%Plantar Flexed Angular Velocity)],p gain,d gain,Turn on setpoint adjuster,step_response_mode,i gain,Do use servo,FSR servo threshold,Servo origin,Servo terminal,Maxon offline num of iterations,GS_Flag,kp_zero,ki_zero,kd_zero
24,0,20,60,10,0,2,2,10,0,0,0,0,20,12,0,5,1,0.22,0,0.1
2,0,20,0,10,0,2,20,15,0,0,13,1,20,12,0,5,0,0,0,0
8,2,20,10,10,0,2,15,80,0,0,0,1,20,12,0,5,0,0,0,0
16,3,20,40,10,0,2,15,80,0,0,0,1,20,12,0,5,0,0,0,0
24,3,20,60,10,0,2,15,80,0,0,0,1,20,12,0,5,0,0,0,0
30,3,20,60,10,0,2,15,80,0,0,0,1,20,12,0,5,0,0,0,0